title,url
Last Exile,https://tvtropes.org/pmwiki/pmwiki.php/Anime/LastExile
Simoun,https://tvtropes.org/pmwiki/pmwiki.php/Anime/Simoun
The Vision of Escaflowne,https://tvtropes.org/pmwiki/pmwiki.php/Anime/TheVisionOfEscaflowne
Advent Children,https://tvtropes.org/pmwiki/pmwiki.php/Anime/AdventChildren
Fantastic Planet,https://tvtropes.org/pmwiki/pmwiki.php/Animation/FantasticPlanet
Artifexian,https://tvtropes.org/pmwiki/pmwiki.php/WebAnimation/Artifexian
ARIA,https://tvtropes.org/pmwiki/pmwiki.php/Manga/ARIA
Trigun,https://tvtropes.org/pmwiki/pmwiki.php/Manga/Trigun
Den,https://tvtropes.org/pmwiki/pmwiki.php/ComicBook/Den
The Incredible Hulk,https://tvtropes.org/pmwiki/pmwiki.php/ComicBook/TheIncredibleHulk
Planet Hulk,https://tvtropes.org/pmwiki/pmwiki.php/ComicBook/PlanetHulk
World War Hulk,https://tvtropes.org/pmwiki/pmwiki.php/ComicBook/WorldWarHulk
The Magnificent Ms. Marvel,https://tvtropes.org/pmwiki/pmwiki.php/ComicBook/TheMagnificentMsMarvel
Starlight,https://tvtropes.org/pmwiki/pmwiki.php/ComicBook/Starlight
Superman,https://tvtropes.org/pmwiki/pmwiki.php/ComicBook/Superman
Supergirl,https://tvtropes.org/pmwiki/pmwiki.php/ComicBook/Supergirl
Legion of Super-Heroes,https://tvtropes.org/pmwiki/pmwiki.php/ComicBook/LegionOfSuperHeroes
The Krypton Chronicles,https://tvtropes.org/pmwiki/pmwiki.php/ComicBook/TheKryptonChronicles
World of Krypton,https://tvtropes.org/pmwiki/pmwiki.php/ComicBook/WorldOfKrypton
Superman/Supergirl: Maelstrom,https://tvtropes.org/pmwiki/pmwiki.php/ComicBook/SupermanSupergirlMaelstrom
The Condemned Legionnaires,https://tvtropes.org/pmwiki/pmwiki.php/ComicBook/TheCondemnedLegionnaires
Red Daughter of Krypton,https://tvtropes.org/pmwiki/pmwiki.php/ComicBook/RedDaughterOfKrypton
The Warlord (DC),https://tvtropes.org/pmwiki/pmwiki.php/ComicBook/TheWarlordDC
Warlord of Mars,https://tvtropes.org/pmwiki/pmwiki.php/ComicBook/WarlordOfMars
X-Men,https://tvtropes.org/pmwiki/pmwiki.php/ComicBook/XMen
Excalibur,https://tvtropes.org/pmwiki/pmwiki.php/ComicBook/Excalibur
Flash Gordon,https://tvtropes.org/pmwiki/pmwiki.php/ComicStrip/FlashGordon
John Carter of Mars,https://tvtropes.org/pmwiki/pmwiki.php/Literature/JohnCarterOfMars
Dying Earth,https://tvtropes.org/pmwiki/pmwiki.php/Literature/DyingEarth
Pellucidar,https://tvtropes.org/pmwiki/pmwiki.php/Literature/Pellucidar
John Carter of Mars,https://tvtropes.org/pmwiki/pmwiki.php/Literature/JohnCarterOfMars
A Princess of Mars,https://tvtropes.org/pmwiki/pmwiki.php/Literature/APrincessOfMars
John Carter of Mars,https://tvtropes.org/pmwiki/pmwiki.php/Literature/JohnCarterOfMars
The Adventures of Tom Rynosseros,https://tvtropes.org/pmwiki/pmwiki.php/Literature/TheAdventuresOfTomRynosseros
Big Planet,https://tvtropes.org/pmwiki/pmwiki.php/Literature/BigPlanet
The Book Of Ptath,https://tvtropes.org/pmwiki/pmwiki.php/Literature/TheBookOfPtath
Coyote,https://tvtropes.org/pmwiki/pmwiki.php/Literature/Coyote
The Diadem Saga,https://tvtropes.org/pmwiki/pmwiki.php/Literature/TheDiademSaga
Darkover,https://tvtropes.org/pmwiki/pmwiki.php/Literature/Darkover
Dragonriders of Pern,https://tvtropes.org/pmwiki/pmwiki.php/Literature/DragonridersOfPern
Dune,https://tvtropes.org/pmwiki/pmwiki.php/Literature/Dune
Dying Earth,https://tvtropes.org/pmwiki/pmwiki.php/Literature/DyingEarth
Helliconia,https://tvtropes.org/pmwiki/pmwiki.php/Literature/Helliconia
That Irresistible Poison,https://tvtropes.org/pmwiki/pmwiki.php/Literature/ThatIrresistiblePoison
Planet of Adventure,https://tvtropes.org/pmwiki/pmwiki.php/Literature/PlanetOfAdventure
The Left Hand of Darkness,https://tvtropes.org/pmwiki/pmwiki.php/Literature/TheLeftHandOfDarkness
Rocannon's World,https://tvtropes.org/pmwiki/pmwiki.php/Literature/RocannonsWorld
The Last Guardian (2001),https://tvtropes.org/pmwiki/pmwiki.php/Literature/TheLastGuardian2001
The Lords of Creation,https://tvtropes.org/pmwiki/pmwiki.php/Literature/TheLordsOfCreation
Lumbanico The Cubic Planet,https://tvtropes.org/pmwiki/pmwiki.php/Literature/LumbanicoTheCubicPlanet
Novels of the Jaran,https://tvtropes.org/pmwiki/pmwiki.php/Literature/NovelsOfTheJaran
Orthe,https://tvtropes.org/pmwiki/pmwiki.php/Literature/Orthe
The Space Trilogy,https://tvtropes.org/pmwiki/pmwiki.php/Literature/TheSpaceTrilogy
Out of the Silent Planet,https://tvtropes.org/pmwiki/pmwiki.php/Literature/OutOfTheSilentPlanet
Perelandra,https://tvtropes.org/pmwiki/pmwiki.php/Literature/Perelandra
That Hideous Strength,https://tvtropes.org/pmwiki/pmwiki.php/Literature/ThatHideousStrength
Viagens Interplanetarias,https://tvtropes.org/pmwiki/pmwiki.php/Literature/ViagensInterplanetarias
Radiance,https://tvtropes.org/pmwiki/pmwiki.php/Literature/Radiance
John Carter of Mars,https://tvtropes.org/pmwiki/pmwiki.php/Literature/JohnCarterOfMars
Viagens Interplanetarias,https://tvtropes.org/pmwiki/pmwiki.php/Literature/ViagensInterplanetarias
Planet of Adventure,https://tvtropes.org/pmwiki/pmwiki.php/Literature/PlanetOfAdventure
Green and Red Martians,https://tvtropes.org/pmwiki/pmwiki.php/Literature/JohnCarterOfMars
Elder Things,https://tvtropes.org/pmwiki/pmwiki.php/Literature/AtTheMountainsOfMadness
John Carter of Mars,https://tvtropes.org/pmwiki/pmwiki.php/Literature/JohnCarterOfMars
John Dies at the End,https://tvtropes.org/pmwiki/pmwiki.php/Literature/JohnDiesAtTheEnd
Billie Holiday,https://tvtropes.org/pmwiki/pmwiki.php/Music/BillieHoliday
Aquaman,https://tvtropes.org/pmwiki/pmwiki.php/Film/Aquaman
Avatar,https://tvtropes.org/pmwiki/pmwiki.php/Film/Avatar
John Carter,https://tvtropes.org/pmwiki/pmwiki.php/Film/JohnCarter
Krull,https://tvtropes.org/pmwiki/pmwiki.php/Film/Krull
Princess of Mars,https://tvtropes.org/pmwiki/pmwiki.php/Film/PrincessOfMars
Avatar,https://tvtropes.org/pmwiki/pmwiki.php/Film/Avatar
Stargate,https://tvtropes.org/pmwiki/pmwiki.php/Film/Stargate
Star Wars: Ewok Adventures,https://tvtropes.org/pmwiki/pmwiki.php/Film/StarWarsEwokAdventures
Thor: Ragnarok,https://tvtropes.org/pmwiki/pmwiki.php/Film/ThorRagnarok
Flash Gordon (1980),https://tvtropes.org/pmwiki/pmwiki.php/Film/FlashGordon1980
A Trip to the Moon,https://tvtropes.org/pmwiki/pmwiki.php/Film/ATripToTheMoon
David Lynch's,https://tvtropes.org/pmwiki/pmwiki.php/Film/Dune1984
Atlantis: The Lost Empire,https://tvtropes.org/pmwiki/pmwiki.php/WesternAnimation/AtlantisTheLostEmpire
Blue Planet,https://tvtropes.org/pmwiki/pmwiki.php/TabletopGame/BluePlanet
d20 Modern,https://tvtropes.org/pmwiki/pmwiki.php/TabletopGame/D20Modern
Dungeons & Dragons,https://tvtropes.org/pmwiki/pmwiki.php/TabletopGame/DungeonsAndDragons
Dark Sun,https://tvtropes.org/pmwiki/pmwiki.php/TabletopGame/DarkSun
GURPS Settings,https://tvtropes.org/pmwiki/pmwiki.php/TabletopGame/GURPSSettings
GURPS Planet of Adventure,https://tvtropes.org/pmwiki/pmwiki.php/TabletopGame/GURPSSettings
Numenera,https://tvtropes.org/pmwiki/pmwiki.php/TabletopGame/Numenera
Pathfinder,https://tvtropes.org/pmwiki/pmwiki.php/TabletopGame/Pathfinder
Starfinder,https://tvtropes.org/pmwiki/pmwiki.php/TabletopGame/Starfinder
Space 1889,https://tvtropes.org/pmwiki/pmwiki.php/TabletopGame/Space1889
subsequent,https://tvtropes.org/pmwiki/pmwiki.php/Series/StargateSG1
television,https://tvtropes.org/pmwiki/pmwiki.php/Series/StargateAtlantis
shows,https://tvtropes.org/pmwiki/pmwiki.php/Series/StargateUniverse
Star Trek: The Original Series,https://tvtropes.org/pmwiki/pmwiki.php/Series/StarTrekTheOriginalSeries
Doctor Who,https://tvtropes.org/pmwiki/pmwiki.php/Series/DoctorWho
Albion,https://tvtropes.org/pmwiki/pmwiki.php/VideoGame/Albion
Dark Scavenger,https://tvtropes.org/pmwiki/pmwiki.php/VideoGame/DarkScavenger
Final Fantasy V,https://tvtropes.org/pmwiki/pmwiki.php/VideoGame/FinalFantasyV
Horizon Zero Dawn,https://tvtropes.org/pmwiki/pmwiki.php/VideoGame/HorizonZeroDawn
Journey to the Savage Planet,https://tvtropes.org/pmwiki/pmwiki.php/VideoGame/JourneyToTheSavagePlanet
Oddworld,https://tvtropes.org/pmwiki/pmwiki.php/VideoGame/Oddworld
Star Fox Adventures,https://tvtropes.org/pmwiki/pmwiki.php/VideoGame/StarFoxAdventures
Star Wars Jedi: Fallen Order,https://tvtropes.org/pmwiki/pmwiki.php/VideoGame/StarWarsJediFallenOrder
BIONICLE,https://tvtropes.org/pmwiki/pmwiki.php/Toys/Bionicle
