title,url
Canaan,https://tvtropes.org/pmwiki/pmwiki.php/Anime/Canaan
Darker than Black,https://tvtropes.org/pmwiki/pmwiki.php/Anime/DarkerThanBLACK
Gibiate,https://tvtropes.org/pmwiki/pmwiki.php/Anime/Gibiate
Marvel Anime,https://tvtropes.org/pmwiki/pmwiki.php/Anime/MarvelAnime
Marvel Anime: Wolverine,https://tvtropes.org/pmwiki/pmwiki.php/Anime/MarvelAnimeWolverine
Marvel Anime: X-Men,https://tvtropes.org/pmwiki/pmwiki.php/Anime/MarvelAnimeXMen
Resident Evil: Damnation,https://tvtropes.org/pmwiki/pmwiki.php/Anime/ResidentEvilDamnation
The Reflection,https://tvtropes.org/pmwiki/pmwiki.php/Anime/TheReflection
Scryed,https://tvtropes.org/pmwiki/pmwiki.php/Anime/Scryed
Speed Grapher,https://tvtropes.org/pmwiki/pmwiki.php/Anime/SpeedGrapher
Tiger & Bunny,https://tvtropes.org/pmwiki/pmwiki.php/Anime/TigerAndBunny
Towa no Quon,https://tvtropes.org/pmwiki/pmwiki.php/Anime/TowaNoQuon
Dead Leaves,https://tvtropes.org/pmwiki/pmwiki.php/Anime/DeadLeaves
Ajin,https://tvtropes.org/pmwiki/pmwiki.php/Manga/Ajin
AKIRA,https://tvtropes.org/pmwiki/pmwiki.php/Manga/AKIRA
Alabaster,https://tvtropes.org/pmwiki/pmwiki.php/Manga/Alabaster
Choujin X,https://tvtropes.org/pmwiki/pmwiki.php/Manga/ChoujinX
Elfen Lied,https://tvtropes.org/pmwiki/pmwiki.php/Manga/ElfenLied
Gangsta.,https://tvtropes.org/pmwiki/pmwiki.php/Manga/Gangsta
Gilgamesh,https://tvtropes.org/pmwiki/pmwiki.php/Manga/Gilgamesh
Guyver,https://tvtropes.org/pmwiki/pmwiki.php/Manga/Guyver
Interviews with Monster Girls,https://tvtropes.org/pmwiki/pmwiki.php/Manga/InterviewsWithMonsterGirls
My Hero Academia,https://tvtropes.org/pmwiki/pmwiki.php/Manga/MyHeroAcademia
My Hero Academia Smash!!,https://tvtropes.org/pmwiki/pmwiki.php/Manga/MyHeroAcademiaSmash
My Hero Academia: Team Up Mission,https://tvtropes.org/pmwiki/pmwiki.php/Manga/MyHeroAcademiaTeamUpMission
My Hero Academia: Vigilantes,https://tvtropes.org/pmwiki/pmwiki.php/Manga/MyHeroAcademiaVigilantes
NEEDLESS,https://tvtropes.org/pmwiki/pmwiki.php/Manga/Needless
Nurse Hitomi's Monster Infirmary,https://tvtropes.org/pmwiki/pmwiki.php/Manga/NurseHitomisMonsterInfirmary
Oddman 11,https://tvtropes.org/pmwiki/pmwiki.php/Manga/Oddman11
Ode to Kirihito,https://tvtropes.org/pmwiki/pmwiki.php/Manga/OdeToKirihito
Pupa,https://tvtropes.org/pmwiki/pmwiki.php/Manga/Pupa
Radiant,https://tvtropes.org/pmwiki/pmwiki.php/Manga/Radiant
She Becomes a Tree,https://tvtropes.org/pmwiki/pmwiki.php/Manga/SheBecomesATree
Skull Man,https://tvtropes.org/pmwiki/pmwiki.php/Manga/SkullMan
Tokyo Ghoul,https://tvtropes.org/pmwiki/pmwiki.php/Manga/TokyoGhoul
Toward the Terra,https://tvtropes.org/pmwiki/pmwiki.php/Manga/TowardTheTerra
Translucent,https://tvtropes.org/pmwiki/pmwiki.php/Manga/Translucent
Alt★Hero,https://tvtropes.org/pmwiki/pmwiki.php/ComicBook/AltHero
Black Hole,https://tvtropes.org/pmwiki/pmwiki.php/ComicBook/BlackHole
Block 109,https://tvtropes.org/pmwiki/pmwiki.php/ComicBook/Block109
Blood Syndicate,https://tvtropes.org/pmwiki/pmwiki.php/ComicBook/BloodSyndicate
Captain America,https://tvtropes.org/pmwiki/pmwiki.php/ComicBook/CaptainAmerica
Daredevil,https://tvtropes.org/pmwiki/pmwiki.php/ComicBook/Daredevil
Fantastic Four,https://tvtropes.org/pmwiki/pmwiki.php/ComicBook/FantasticFour
Ultimate Fantastic Four,https://tvtropes.org/pmwiki/pmwiki.php/ComicBook/UltimateFantasticFour
The Flash,https://tvtropes.org/pmwiki/pmwiki.php/ComicBook/TheFlash
Gen¹³,https://tvtropes.org/pmwiki/pmwiki.php/ComicBook/Gen13
The Hills Have Eyes: The Beginning,https://tvtropes.org/pmwiki/pmwiki.php/ComicBook/TheHillsHaveEyesTheBeginning
The Incredible Hulk,https://tvtropes.org/pmwiki/pmwiki.php/ComicBook/TheIncredibleHulk
She-Hulk,https://tvtropes.org/pmwiki/pmwiki.php/ComicBook/SheHulk
The Inhumans,https://tvtropes.org/pmwiki/pmwiki.php/ComicBook/TheInhumans
Inhumanity,https://tvtropes.org/pmwiki/pmwiki.php/ComicBook/Inhumanity
Ms. Marvel (2014),https://tvtropes.org/pmwiki/pmwiki.php/ComicBook/MsMarvel2014
Spider-Man,https://tvtropes.org/pmwiki/pmwiki.php/ComicBook/SpiderMan
Spider-Girl,https://tvtropes.org/pmwiki/pmwiki.php/ComicBook/SpiderGirl
Spider-Gwen,https://tvtropes.org/pmwiki/pmwiki.php/ComicBook/SpiderGwen
Spider-Man Noir,https://tvtropes.org/pmwiki/pmwiki.php/ComicBook/SpiderManNoir
Ultimate Spider-Man,https://tvtropes.org/pmwiki/pmwiki.php/ComicBook/UltimateSpiderMan
Scooby Apocalypse,https://tvtropes.org/pmwiki/pmwiki.php/ComicBook/ScoobyApocalypse
Static,https://tvtropes.org/pmwiki/pmwiki.php/ComicBook/Static
Static: Season One,https://tvtropes.org/pmwiki/pmwiki.php/ComicBook/StaticSeasonOne
Strontium Dog,https://tvtropes.org/pmwiki/pmwiki.php/ComicBook/StrontiumDog
Sub-Mariner,https://tvtropes.org/pmwiki/pmwiki.php/ComicBook/SubMariner
Batman/Teenage Mutant Ninja Turtles,https://tvtropes.org/pmwiki/pmwiki.php/ComicBook/BatmanTeenageMutantNinjaTurtles
Mighty Morphin Power Rangers/Teenage Mutant Ninja Turtles,https://tvtropes.org/pmwiki/pmwiki.php/ComicBook/MightyMorphinPowerRangersTeenageMutantNinjaTurtles
Teenage Mutant Ninja Turtles (IDW),https://tvtropes.org/pmwiki/pmwiki.php/ComicBook/TeenageMutantNinjaTurtlesIDW
Teenage Mutant Ninja Turtles (Mirage),https://tvtropes.org/pmwiki/pmwiki.php/ComicBook/TeenageMutantNinjaTurtlesMirage
Teenage Mutant Ninja Turtles Adventures,https://tvtropes.org/pmwiki/pmwiki.php/ComicBook/TeenageMutantNinjaTurtlesAdventures
Teenage Mutant Ninja Turtles: The Last Ronin,https://tvtropes.org/pmwiki/pmwiki.php/ComicBook/TeenageMutantNinjaTurtlesTheLastRonin
Über,https://tvtropes.org/pmwiki/pmwiki.php/ComicBook/Uber
X-Men,https://tvtropes.org/pmwiki/pmwiki.php/ComicBook/XMen
Cable,https://tvtropes.org/pmwiki/pmwiki.php/ComicBook/Cable
New Mutants,https://tvtropes.org/pmwiki/pmwiki.php/ComicBook/NewMutants
Ultimate X-Men,https://tvtropes.org/pmwiki/pmwiki.php/ComicBook/UltimateXMen
X-Factor,https://tvtropes.org/pmwiki/pmwiki.php/ComicBook/XFactor
X-Force,https://tvtropes.org/pmwiki/pmwiki.php/ComicBook/XForce
,https://tvtropes.org/pmwiki/pmwiki.php/Literature/InvasionCycle
Attack of the Mutant,https://tvtropes.org/pmwiki/pmwiki.php/Literature/AttackOfTheMutant
Attracopel: Vigilante of London,https://tvtropes.org/pmwiki/pmwiki.php/Literature/AttracopelVigilanteOfLondon
The Bad Place,https://tvtropes.org/pmwiki/pmwiki.php/Literature/TheBadPlace
The Corpse of Charlie Rull,https://tvtropes.org/pmwiki/pmwiki.php/Literature/TheCorpseOfCharlieRull
The Chrysalids,https://tvtropes.org/pmwiki/pmwiki.php/Literature/TheChrysalids
Dr. Jekyll and Mr. Holmes,https://tvtropes.org/pmwiki/pmwiki.php/Literature/DrJekyllAndMrHolmes
"The Ear, the Eye and the Arm",https://tvtropes.org/pmwiki/pmwiki.php/Literature/TheEarTheEyeAndTheArm
Emergence,https://tvtropes.org/pmwiki/pmwiki.php/Literature/Emergence
Firestarter,https://tvtropes.org/pmwiki/pmwiki.php/Literature/Firestarter
The Fly,https://tvtropes.org/pmwiki/pmwiki.php/Literature/TheFly
Geek Love,https://tvtropes.org/pmwiki/pmwiki.php/Literature/GeekLove
The Girl with the Silver Eyes,https://tvtropes.org/pmwiki/pmwiki.php/Literature/TheGirlWithTheSilverEyes
Gladiator,https://tvtropes.org/pmwiki/pmwiki.php/Literature/Gladiator
Gone,https://tvtropes.org/pmwiki/pmwiki.php/Literature/Gone
The Hampdenshire Wonder,https://tvtropes.org/pmwiki/pmwiki.php/Literature/TheHampdenshireWonder
The Infected,https://tvtropes.org/pmwiki/pmwiki.php/Literature/TheInfected
The Invisible Man,https://tvtropes.org/pmwiki/pmwiki.php/Literature/TheInvisibleMan
It's a Good Life,https://tvtropes.org/pmwiki/pmwiki.php/Literature/ItsAGoodLife
Memoirs of an Invisible Man,https://tvtropes.org/pmwiki/pmwiki.php/Literature/MemoirsOfAnInvisibleMan
More Than Human,https://tvtropes.org/pmwiki/pmwiki.php/Literature/MoreThanHuman
Mrs. Frisby and the Rats of NIMH,https://tvtropes.org/pmwiki/pmwiki.php/Literature/MrsFrisbyAndTheRatsOfNIMH
The Mule,https://tvtropes.org/pmwiki/pmwiki.php/Literature/TheMule
Myriad Colors Phantom World,https://tvtropes.org/pmwiki/pmwiki.php/Literature/MyriadColorsPhantomWorld
Odd John,https://tvtropes.org/pmwiki/pmwiki.php/Literature/OddJohn
Parasite Eve,https://tvtropes.org/pmwiki/pmwiki.php/Literature/ParasiteEve
A Planet Called Treason,https://tvtropes.org/pmwiki/pmwiki.php/Literature/APlanetCalledTreason
The Power,https://tvtropes.org/pmwiki/pmwiki.php/Literature/ThePower
The Rats,https://tvtropes.org/pmwiki/pmwiki.php/Literature/TheRats
The Relic,https://tvtropes.org/pmwiki/pmwiki.php/Literature/TheRelic
Reliquary,https://tvtropes.org/pmwiki/pmwiki.php/Literature/Reliquary
Renegades,https://tvtropes.org/pmwiki/pmwiki.php/Literature/Renegades
Rodent Mutation,https://tvtropes.org/pmwiki/pmwiki.php/Literature/RodentMutation
Scorpion: Second Generation,https://tvtropes.org/pmwiki/pmwiki.php/Literature/ScorpionSecondGeneration
Shannara,https://tvtropes.org/pmwiki/pmwiki.php/Literature/Shannara
Slan,https://tvtropes.org/pmwiki/pmwiki.php/Literature/Slan
Smoke,https://tvtropes.org/pmwiki/pmwiki.php/Literature/Smoke
The Strange Case of Dr. Jekyll and Mr. Hyde,https://tvtropes.org/pmwiki/pmwiki.php/Literature/TheStrangeCaseOfDrJekyllAndMrHyde
This Alien Shore,https://tvtropes.org/pmwiki/pmwiki.php/Literature/ThisAlienShore
This Immortal,https://tvtropes.org/pmwiki/pmwiki.php/Literature/ThisImmortal
Virals,https://tvtropes.org/pmwiki/pmwiki.php/Literature/Virals
Vorkosigan Saga,https://tvtropes.org/pmwiki/pmwiki.php/Literature/VorkosiganSaga
Warrior Wolf Women of the Wasteland,https://tvtropes.org/pmwiki/pmwiki.php/Literature/WarriorWolfWomenOfTheWasteland
Whateley Universe,https://tvtropes.org/pmwiki/pmwiki.php/Literature/WhateleyUniverse
Wild Cards,https://tvtropes.org/pmwiki/pmwiki.php/Literature/WildCards
Wilder Girls,https://tvtropes.org/pmwiki/pmwiki.php/Literature/WilderGirls
Jekyll & Hyde,https://tvtropes.org/pmwiki/pmwiki.php/Theatre/JekyllAndHyde
The Strange Case of Dr. Jekyll and Mr. Hyde,https://tvtropes.org/pmwiki/pmwiki.php/Theatre/TheStrangeCaseOfDrJekyllAndMrHyde
Dr. Jekyll and Mr. Hyde,https://tvtropes.org/pmwiki/pmwiki.php/Radio/DrJekyllAndMrHyde
Absurd (1981),https://tvtropes.org/pmwiki/pmwiki.php/Film/Absurd1981
The Adult Version of Jekyll and Hide,https://tvtropes.org/pmwiki/pmwiki.php/Film/TheAdultVersionOfJekyllAndHide
The Age of Adaline,https://tvtropes.org/pmwiki/pmwiki.php/Film/TheAgeOfAdaline
Alligator,https://tvtropes.org/pmwiki/pmwiki.php/Film/Alligator
The Alligator People,https://tvtropes.org/pmwiki/pmwiki.php/Film/TheAlligatorPeople
The Amazing Colossal Man,https://tvtropes.org/pmwiki/pmwiki.php/Film/TheAmazingColossalMan
The Amazing Spider-Man Series,https://tvtropes.org/pmwiki/pmwiki.php/Film/TheAmazingSpiderManSeries
The Amazing Spider-Man,https://tvtropes.org/pmwiki/pmwiki.php/Film/TheAmazingSpiderMan
The Amazing Spider-Man 2,https://tvtropes.org/pmwiki/pmwiki.php/Film/TheAmazingSpiderMan2
Annihilation (2018),https://tvtropes.org/pmwiki/pmwiki.php/Film/Annihilation2018
Atomic Shark,https://tvtropes.org/pmwiki/pmwiki.php/Film/AtomicShark
Attack of the 50-Foot Woman,https://tvtropes.org/pmwiki/pmwiki.php/Film/AttackOfThe50FootWoman
Attack of the Crab Monsters,https://tvtropes.org/pmwiki/pmwiki.php/Film/AttackOfTheCrabMonsters
Attack of the Giant Leeches,https://tvtropes.org/pmwiki/pmwiki.php/Film/AttackOfTheGiantLeeches
Basket Case,https://tvtropes.org/pmwiki/pmwiki.php/Film/BasketCase
The Bay,https://tvtropes.org/pmwiki/pmwiki.php/Film/TheBay
The Beast of Yucca Flats,https://tvtropes.org/pmwiki/pmwiki.php/Film/TheBeastOfYuccaFlats
Beginning of the End,https://tvtropes.org/pmwiki/pmwiki.php/Film/BeginningOfTheEnd
Beneath the Planet of the Apes,https://tvtropes.org/pmwiki/pmwiki.php/Film/BeneathThePlanetOfTheApes
Bite,https://tvtropes.org/pmwiki/pmwiki.php/Film/Bite
The Blob (1988),https://tvtropes.org/pmwiki/pmwiki.php/Film/TheBlob1988
Blood Freak,https://tvtropes.org/pmwiki/pmwiki.php/Film/BloodFreak
Blood Waters of Dr. Z,https://tvtropes.org/pmwiki/pmwiki.php/Film/BloodWatersOfDrZ
Bride of the Monster,https://tvtropes.org/pmwiki/pmwiki.php/Film/BrideOfTheMonster
Captain America (1979),https://tvtropes.org/pmwiki/pmwiki.php/Film/CaptainAmerica1979
Captain America (1990),https://tvtropes.org/pmwiki/pmwiki.php/Film/CaptainAmerica1990
Chernobyl Diaries,https://tvtropes.org/pmwiki/pmwiki.php/Film/ChernobylDiaries
C.H.U.D.,https://tvtropes.org/pmwiki/pmwiki.php/Film/CHUD
Class of Nuke 'Em High,https://tvtropes.org/pmwiki/pmwiki.php/Film/ClassOfNukeEmHigh
Class of Nuke 'Em High Part II: Subhumanoid Meltdown,https://tvtropes.org/pmwiki/pmwiki.php/Film/ClassOfNukeEmHighPartIISubhumanoidMeltdown
Class Of Nuke Em High Part III The Good The Bad And The Subhumanoid,https://tvtropes.org/pmwiki/pmwiki.php/Film/ClassOfNukeEmHighPartIIITheGoodTheBadAndTheSubhumanoid
Creepozoids,https://tvtropes.org/pmwiki/pmwiki.php/Film/Creepozoids
Crimes of the Future (1970),https://tvtropes.org/pmwiki/pmwiki.php/Film/CrimesOfTheFuture1970
Crimes of the Future (2022),https://tvtropes.org/pmwiki/pmwiki.php/Film/CrimesOfTheFuture2022
The Curse,https://tvtropes.org/pmwiki/pmwiki.php/Film/TheCurse
The Cyclops,https://tvtropes.org/pmwiki/pmwiki.php/Film/TheCyclops
Daredevil (2003),https://tvtropes.org/pmwiki/pmwiki.php/Film/Daredevil2003
Death Factory,https://tvtropes.org/pmwiki/pmwiki.php/Film/DeathFactory
The Devil Bat,https://tvtropes.org/pmwiki/pmwiki.php/Film/TheDevilBat
"Die, Monster, Die!",https://tvtropes.org/pmwiki/pmwiki.php/Film/DieMonsterDie
Doctor Jekyll and Sister Hyde,https://tvtropes.org/pmwiki/pmwiki.php/Film/DoctorJekyllAndSisterHyde
Doom,https://tvtropes.org/pmwiki/pmwiki.php/Film/Doom
Dr. Heckyl and Mr. Hype,https://tvtropes.org/pmwiki/pmwiki.php/Film/DrHeckylAndMrHype
Dr. Jekyll and Mr. Hyde (1920),https://tvtropes.org/pmwiki/pmwiki.php/Film/DrJekyllAndMrHyde1920
Dr. Jekyll and Mr. Hyde (1931),https://tvtropes.org/pmwiki/pmwiki.php/Film/DrJekyllAndMrHyde1931
Dr. Jekyll and Mr. Hyde (A'yoy),https://tvtropes.org/pmwiki/pmwiki.php/Film/DrJekyllAndMrHydeAyoy
Dr. Jekyll & Ms. Hyde,https://tvtropes.org/pmwiki/pmwiki.php/Film/DrJekyllAndMsHyde
Eight Legged Freaks,https://tvtropes.org/pmwiki/pmwiki.php/Film/EightLeggedFreaks
Empire of the Ants,https://tvtropes.org/pmwiki/pmwiki.php/Film/EmpireOfTheAnts
Fantastic Four (2015),https://tvtropes.org/pmwiki/pmwiki.php/Film/FantasticFour2015
Fantastic Four Duology,https://tvtropes.org/pmwiki/pmwiki.php/Film/FantasticFourDuology
Fantastic Four (2005),https://tvtropes.org/pmwiki/pmwiki.php/Film/FantasticFour2005
Fantastic Four: Rise of the Silver Surfer,https://tvtropes.org/pmwiki/pmwiki.php/Film/FantasticFourRiseOfTheSilverSurfer
The Fantastic Four,https://tvtropes.org/pmwiki/pmwiki.php/Film/TheFantasticFour
Fast Color,https://tvtropes.org/pmwiki/pmwiki.php/Film/FastColor
The Fly (1958),https://tvtropes.org/pmwiki/pmwiki.php/Film/TheFly1958
Return of the Fly,https://tvtropes.org/pmwiki/pmwiki.php/Film/ReturnOfTheFly
Curse of the Fly,https://tvtropes.org/pmwiki/pmwiki.php/Film/CurseOfTheFly
The Fly (1986),https://tvtropes.org/pmwiki/pmwiki.php/Film/TheFly1986
The Fly II,https://tvtropes.org/pmwiki/pmwiki.php/Film/TheFlyII
The Food of the Gods,https://tvtropes.org/pmwiki/pmwiki.php/Film/TheFoodOfTheGods
Food of the Gods 2,https://tvtropes.org/pmwiki/pmwiki.php/Film/FoodOfTheGods2
Frankenstein Conquers the World,https://tvtropes.org/pmwiki/pmwiki.php/Film/FrankensteinConquersTheWorld
War of the Gargantuas,https://tvtropes.org/pmwiki/pmwiki.php/Film/WarOfTheGargantuas
The Freakmaker,https://tvtropes.org/pmwiki/pmwiki.php/Film/TheFreakmaker
Freaks,https://tvtropes.org/pmwiki/pmwiki.php/Film/Freaks
Freaks (2018),https://tvtropes.org/pmwiki/pmwiki.php/Film/Freaks2018
Freaks Out,https://tvtropes.org/pmwiki/pmwiki.php/Film/FreaksOut
The Fury,https://tvtropes.org/pmwiki/pmwiki.php/Film/TheFury
Godzilla (1998),https://tvtropes.org/pmwiki/pmwiki.php/Film/Godzilla1998
Grizzly Rage,https://tvtropes.org/pmwiki/pmwiki.php/Film/GrizzlyRage
Hell Comes to Frogtown,https://tvtropes.org/pmwiki/pmwiki.php/Film/HellComesToFrogtown
The Hideous Sun Demon,https://tvtropes.org/pmwiki/pmwiki.php/Film/TheHideousSunDemon
The Hills Have Eyes (1977),https://tvtropes.org/pmwiki/pmwiki.php/Film/TheHillsHaveEyes1977
The Hills Have Eyes Part II,https://tvtropes.org/pmwiki/pmwiki.php/Film/TheHillsHaveEyesPartII
The Hills Have Eyes (2006),https://tvtropes.org/pmwiki/pmwiki.php/Film/TheHillsHaveEyes2006
The Hills Have Eyes 2,https://tvtropes.org/pmwiki/pmwiki.php/Film/TheHillsHaveEyes2
Hollow Man,https://tvtropes.org/pmwiki/pmwiki.php/Film/HollowMan
The Horror of Party Beach,https://tvtropes.org/pmwiki/pmwiki.php/Film/TheHorrorOfPartyBeach
Horrors of Spider Island,https://tvtropes.org/pmwiki/pmwiki.php/Film/HorrorsOfSpiderIsland
The Host (2006),https://tvtropes.org/pmwiki/pmwiki.php/Film/TheHost2006
Hulk,https://tvtropes.org/pmwiki/pmwiki.php/Film/Hulk
Humanoids from the Deep,https://tvtropes.org/pmwiki/pmwiki.php/Film/HumanoidsFromTheDeep
"I, Monster",https://tvtropes.org/pmwiki/pmwiki.php/Film/IMonster
The Incredible Melting Man,https://tvtropes.org/pmwiki/pmwiki.php/Film/TheIncredibleMeltingMan
The Incredible Shrinking Man,https://tvtropes.org/pmwiki/pmwiki.php/Film/TheIncredibleShrinkingMan
The Invisible Man (1933),https://tvtropes.org/pmwiki/pmwiki.php/Film/TheInvisibleMan1933
The Invisible Ray,https://tvtropes.org/pmwiki/pmwiki.php/Film/TheInvisibleRay
Isolation,https://tvtropes.org/pmwiki/pmwiki.php/Film/Isolation
It Lives by Night,https://tvtropes.org/pmwiki/pmwiki.php/Film/ItLivesByNight
It's Alive,https://tvtropes.org/pmwiki/pmwiki.php/Film/ItsAlive
Jack Frost (1997),https://tvtropes.org/pmwiki/pmwiki.php/Film/JackFrost1997
Killer Crocodile,https://tvtropes.org/pmwiki/pmwiki.php/Film/KillerCrocodile
Leviathan (1989),https://tvtropes.org/pmwiki/pmwiki.php/Film/Leviathan1989
Love and Monsters,https://tvtropes.org/pmwiki/pmwiki.php/Film/LoveandMonsters
The Man from Earth,https://tvtropes.org/pmwiki/pmwiki.php/Film/TheManFromEarth
The Incredible Hulk (2008),https://tvtropes.org/pmwiki/pmwiki.php/Film/TheIncredibleHulk2008
Captain America: The First Avenger,https://tvtropes.org/pmwiki/pmwiki.php/Film/CaptainAmericaTheFirstAvenger
Iron Man 3,https://tvtropes.org/pmwiki/pmwiki.php/Film/IronMan3
Spider-Man: Homecoming,https://tvtropes.org/pmwiki/pmwiki.php/Film/SpiderManHomecoming
Thor: Ragnarok,https://tvtropes.org/pmwiki/pmwiki.php/Film/ThorRagnarok
Spider-Man: Far From Home,https://tvtropes.org/pmwiki/pmwiki.php/Film/SpiderManFarFromHome
Spider-Man: No Way Home,https://tvtropes.org/pmwiki/pmwiki.php/Film/SpiderManNoWayHome
Mary Reilly,https://tvtropes.org/pmwiki/pmwiki.php/Film/MaryReilly
Meatball Machine,https://tvtropes.org/pmwiki/pmwiki.php/Film/MeatballMachine
Mimic,https://tvtropes.org/pmwiki/pmwiki.php/Film/Mimic
Minority Report,https://tvtropes.org/pmwiki/pmwiki.php/Film/MinorityReport
Modern Problems,https://tvtropes.org/pmwiki/pmwiki.php/Film/ModernProblems
Mutant Girls Squad,https://tvtropes.org/pmwiki/pmwiki.php/Film/MutantGirlsSquad
The Neanderthal Man,https://tvtropes.org/pmwiki/pmwiki.php/Film/TheNeanderthalMan
Next (2007),https://tvtropes.org/pmwiki/pmwiki.php/Film/Next2007
Night of the Lepus,https://tvtropes.org/pmwiki/pmwiki.php/Film/NightOfTheLepus
The Nutty Professor (1963),https://tvtropes.org/pmwiki/pmwiki.php/Film/TheNuttyProfessor1963
The Nutty Professor (1996),https://tvtropes.org/pmwiki/pmwiki.php/Film/TheNuttyProfessor1996
Nutty Professor II: The Klumps,https://tvtropes.org/pmwiki/pmwiki.php/Film/NuttyProfessorIITheKlumps
Octopus,https://tvtropes.org/pmwiki/pmwiki.php/Film/Octopus
The Ωmega Man,https://tvtropes.org/pmwiki/pmwiki.php/Film/TheOmegaMan
Pandorum,https://tvtropes.org/pmwiki/pmwiki.php/Film/Pandorum
The Power (1968),https://tvtropes.org/pmwiki/pmwiki.php/Film/ThePower1968
The Projected Man,https://tvtropes.org/pmwiki/pmwiki.php/Film/TheProjectedMan
Prophecies of Nostradamus,https://tvtropes.org/pmwiki/pmwiki.php/Film/PropheciesOfNostradamus
Prophecy,https://tvtropes.org/pmwiki/pmwiki.php/Film/Prophecy
Push,https://tvtropes.org/pmwiki/pmwiki.php/Film/Push
Rabid,https://tvtropes.org/pmwiki/pmwiki.php/Film/Rabid
Rampage (2018),https://tvtropes.org/pmwiki/pmwiki.php/Film/Rampage2018
Rats: Night of Terror,https://tvtropes.org/pmwiki/pmwiki.php/Film/RatsNightOfTerror
The Relic,https://tvtropes.org/pmwiki/pmwiki.php/Film/TheRelic
Rise of the Planet of the Apes,https://tvtropes.org/pmwiki/pmwiki.php/Film/RiseOfThePlanetOfTheApes
Dawn of the Planet of the Apes,https://tvtropes.org/pmwiki/pmwiki.php/Film/DawnOfThePlanetOfTheApes
War for the Planet of the Apes,https://tvtropes.org/pmwiki/pmwiki.php/Film/WarForThePlanetOfTheApes
Scanners,https://tvtropes.org/pmwiki/pmwiki.php/Film/Scanners
Scanners II: The New Order,https://tvtropes.org/pmwiki/pmwiki.php/Film/ScannersIITheNewOrder
Scanners III: The Takeover,https://tvtropes.org/pmwiki/pmwiki.php/Film/ScannersIIITheTakeover
Scanner Cop,https://tvtropes.org/pmwiki/pmwiki.php/Film/ScannerCop
Scanner Cop II,https://tvtropes.org/pmwiki/pmwiki.php/Film/ScannerCopII
Senseless,https://tvtropes.org/pmwiki/pmwiki.php/Film/Senseless
Shocking Dark,https://tvtropes.org/pmwiki/pmwiki.php/Film/ShockingDark
Slugs,https://tvtropes.org/pmwiki/pmwiki.php/Film/Slugs
Spider-Man Trilogy,https://tvtropes.org/pmwiki/pmwiki.php/Film/SpiderManTrilogy
Spider-Man,https://tvtropes.org/pmwiki/pmwiki.php/Film/SpiderMan1
Spider-Man 2,https://tvtropes.org/pmwiki/pmwiki.php/Film/SpiderMan2
Spider-Man 3,https://tvtropes.org/pmwiki/pmwiki.php/Film/SpiderMan3
Spontaneous Combustion,https://tvtropes.org/pmwiki/pmwiki.php/Film/SpontaneousCombustion
Spring,https://tvtropes.org/pmwiki/pmwiki.php/Film/Spring
Squirm,https://tvtropes.org/pmwiki/pmwiki.php/Film/Squirm
SS Doomtrooper,https://tvtropes.org/pmwiki/pmwiki.php/Film/SSDoomtrooper
The Strange Case of Dr. Jekyll and Mr. Hyde (1968),https://tvtropes.org/pmwiki/pmwiki.php/Film/TheStrangeCaseOfDrJekyllAndMrHyde1968
Strange Nature,https://tvtropes.org/pmwiki/pmwiki.php/Film/StrangeNature
The Suckling,https://tvtropes.org/pmwiki/pmwiki.php/Film/TheSuckling
Swarmed,https://tvtropes.org/pmwiki/pmwiki.php/Film/Swarmed
Tarantula!,https://tvtropes.org/pmwiki/pmwiki.php/Film/Tarantula
Teenage Mutant Ninja Turtles (1990),https://tvtropes.org/pmwiki/pmwiki.php/Film/TeenageMutantNinjaTurtles1990
Teenage Mutant Ninja Turtles II: The Secret of the Ooze,https://tvtropes.org/pmwiki/pmwiki.php/Film/TeenageMutantNinjaTurtlesIITheSecretOfTheOoze
Teenage Mutant Ninja Turtles III,https://tvtropes.org/pmwiki/pmwiki.php/Film/TeenageMutantNinjaTurtlesIII
Teenage Mutant Ninja Turtles (2014),https://tvtropes.org/pmwiki/pmwiki.php/Film/TeenageMutantNinjaTurtles2014
Teenage Mutant Ninja Turtles: Out of the Shadows,https://tvtropes.org/pmwiki/pmwiki.php/Film/TeenageMutantNinjaTurtlesOutOfTheShadows
Teeth,https://tvtropes.org/pmwiki/pmwiki.php/Film/Teeth
Terror from the Year 5000,https://tvtropes.org/pmwiki/pmwiki.php/Film/TerrorFromTheYear5000
Them!,https://tvtropes.org/pmwiki/pmwiki.php/Film/Them
These Are the Damned,https://tvtropes.org/pmwiki/pmwiki.php/Film/TheseAreTheDamned
Ticks,https://tvtropes.org/pmwiki/pmwiki.php/Film/Ticks
Total Recall (1990),https://tvtropes.org/pmwiki/pmwiki.php/Film/TotalRecall1990
The Toxic Avenger,https://tvtropes.org/pmwiki/pmwiki.php/Film/TheToxicAvenger
Track of the Moon Beast,https://tvtropes.org/pmwiki/pmwiki.php/Film/TrackOfTheMoonBeast
The Two Faces of Dr. Jekyll,https://tvtropes.org/pmwiki/pmwiki.php/Film/TheTwoFacesOfDrJekyll
Uninvited (1988),https://tvtropes.org/pmwiki/pmwiki.php/Film/Uninvited1988
The Wasp Woman,https://tvtropes.org/pmwiki/pmwiki.php/Film/TheWaspWoman
Wrong Turn,https://tvtropes.org/pmwiki/pmwiki.php/Film/WrongTurn
Wrong Turn 2: Dead End,https://tvtropes.org/pmwiki/pmwiki.php/Film/WrongTurn2DeadEnd
Wrong Turn 3: Left for Dead,https://tvtropes.org/pmwiki/pmwiki.php/Film/WrongTurn3LeftForDead
Wrong Turn 4: Bloody Beginnings,https://tvtropes.org/pmwiki/pmwiki.php/Film/WrongTurn4BloodyBeginnings
Wrong Turn 5: Bloodlines,https://tvtropes.org/pmwiki/pmwiki.php/Film/WrongTurn5Bloodlines
Wrong Turn 6: Last Resort,https://tvtropes.org/pmwiki/pmwiki.php/Film/WrongTurn6LastResort
X-Men Film Series,https://tvtropes.org/pmwiki/pmwiki.php/Film/XMenFilmSeries
X-Men,https://tvtropes.org/pmwiki/pmwiki.php/Film/XMen1
X2: X-Men United,https://tvtropes.org/pmwiki/pmwiki.php/Film/X2XMenUnited
X-Men: The Last Stand,https://tvtropes.org/pmwiki/pmwiki.php/Film/XMenTheLastStand
X-Men Origins: Wolverine,https://tvtropes.org/pmwiki/pmwiki.php/Film/XMenOriginsWolverine
X-Men: First Class,https://tvtropes.org/pmwiki/pmwiki.php/Film/XMenFirstClass
The Wolverine,https://tvtropes.org/pmwiki/pmwiki.php/Film/TheWolverine
X-Men: Days of Future Past,https://tvtropes.org/pmwiki/pmwiki.php/Film/XMenDaysOfFuturePast
Deadpool (2016),https://tvtropes.org/pmwiki/pmwiki.php/Film/Deadpool2016
X-Men: Apocalypse,https://tvtropes.org/pmwiki/pmwiki.php/Film/XMenApocalypse
Logan,https://tvtropes.org/pmwiki/pmwiki.php/Film/Logan
Deadpool 2,https://tvtropes.org/pmwiki/pmwiki.php/Film/Deadpool2
Dark Phoenix,https://tvtropes.org/pmwiki/pmwiki.php/Film/DarkPhoenix
The New Mutants,https://tvtropes.org/pmwiki/pmwiki.php/Film/TheNewMutants
X: The Man with the X-Ray Eyes,https://tvtropes.org/pmwiki/pmwiki.php/Film/XTheManWithTheXRayEyes
Bearmageddon,https://tvtropes.org/pmwiki/pmwiki.php/Webcomic/Bearmageddon
Ciem Webcomic Series,https://tvtropes.org/pmwiki/pmwiki.php/Webcomic/CiemWebcomicSeries
The Glass Scientists,https://tvtropes.org/pmwiki/pmwiki.php/Webcomic/TheGlassScientists
Long Exposure,https://tvtropes.org/pmwiki/pmwiki.php/Webcomic/LongExposure
MK's The Strange Case of Dr. Jekyll & Mr. Hyde,https://tvtropes.org/pmwiki/pmwiki.php/Webcomic/MKsTheStrangeCaseOfDrJekyllAndMrHyde
The Search For Henry Jekyll,https://tvtropes.org/pmwiki/pmwiki.php/Webcomic/TheSearchForHenryJekyll
Spinnerette,https://tvtropes.org/pmwiki/pmwiki.php/Webcomic/Spinnerette
Wurr,https://tvtropes.org/pmwiki/pmwiki.php/Webcomic/Wurr
Teenage Mutant Ninja Turtles (2012),https://tvtropes.org/pmwiki/pmwiki.php/WesternAnimation/TeenageMutantNinjaTurtles2012
Batman vs. The Teenage Mutant Ninja Turtles,https://tvtropes.org/pmwiki/pmwiki.php/WesternAnimation/BatmanVsTheTeenageMutantNinjaTurtles
Dr. Jekyll and Mr. Hyde (Burbank Films),https://tvtropes.org/pmwiki/pmwiki.php/WesternAnimation/DrJekyllAndMrHydeBurbankFilms
Felidae,https://tvtropes.org/pmwiki/pmwiki.php/WesternAnimation/Felidae
Gen¹³: The Movie,https://tvtropes.org/pmwiki/pmwiki.php/WesternAnimation/Gen13TheMovie
Monsters vs. Aliens,https://tvtropes.org/pmwiki/pmwiki.php/WesternAnimation/MonstersVsAliens
The Secret of NIMH,https://tvtropes.org/pmwiki/pmwiki.php/WesternAnimation/TheSecretOfNIMH
Spider-Man: Into the Spider-Verse,https://tvtropes.org/pmwiki/pmwiki.php/WesternAnimation/SpiderManIntoTheSpiderVerse
Spider-Man: Across the Spider-Verse,https://tvtropes.org/pmwiki/pmwiki.php/WesternAnimation/SpiderManAcrossTheSpiderVerse
Teenage Mutant Ninja Turtles: Mutant Mayhem,https://tvtropes.org/pmwiki/pmwiki.php/WesternAnimation/TeenageMutantNinjaTurtlesMutantMayhem
TMNT,https://tvtropes.org/pmwiki/pmwiki.php/WesternAnimation/TMNT
Adventure Time,https://tvtropes.org/pmwiki/pmwiki.php/WesternAnimation/AdventureTime
Danny Phantom,https://tvtropes.org/pmwiki/pmwiki.php/WesternAnimation/DannyPhantom
The Fantastic Four (1967),https://tvtropes.org/pmwiki/pmwiki.php/WesternAnimation/TheFantasticFour1967
Fantastic Four: The Animated Series,https://tvtropes.org/pmwiki/pmwiki.php/WesternAnimation/FantasticFourTheAnimatedSeries
Fantastic Four: World's Greatest Heroes,https://tvtropes.org/pmwiki/pmwiki.php/WesternAnimation/FantasticFourWorldsGreatestHeroes
Freak Show,https://tvtropes.org/pmwiki/pmwiki.php/WesternAnimation/FreakShow
Futurama,https://tvtropes.org/pmwiki/pmwiki.php/WesternAnimation/Futurama
Generator Rex,https://tvtropes.org/pmwiki/pmwiki.php/WesternAnimation/GeneratorRex
The Incredible Hulk (1996),https://tvtropes.org/pmwiki/pmwiki.php/WesternAnimation/TheIncredibleHulk1996
Kim Possible,https://tvtropes.org/pmwiki/pmwiki.php/WesternAnimation/KimPossible
Kipo and the Age of Wonderbeasts,https://tvtropes.org/pmwiki/pmwiki.php/WesternAnimation/KipoAndTheAgeOfWonderbeasts
Marvel's Spider-Man,https://tvtropes.org/pmwiki/pmwiki.php/WesternAnimation/MarvelsSpiderMan
The Oblongs,https://tvtropes.org/pmwiki/pmwiki.php/WesternAnimation/TheOblongs
The Spectacular Spider Man,https://tvtropes.org/pmwiki/pmwiki.php/WesternAnimation/TheSpectacularSpiderMan
Spider-Man (1967),https://tvtropes.org/pmwiki/pmwiki.php/WesternAnimation/SpiderMan1967
Spider-Man: The Animated Series,https://tvtropes.org/pmwiki/pmwiki.php/WesternAnimation/SpiderManTheAnimatedSeries
Spliced,https://tvtropes.org/pmwiki/pmwiki.php/WesternAnimation/Spliced
Static Shock,https://tvtropes.org/pmwiki/pmwiki.php/WesternAnimation/StaticShock
Street Sharks,https://tvtropes.org/pmwiki/pmwiki.php/WesternAnimation/StreetSharks
Teenage Mutant Ninja Turtles (1987),https://tvtropes.org/pmwiki/pmwiki.php/WesternAnimation/TeenageMutantNinjaTurtles1987
Teenage Mutant Ninja Turtles (2003),https://tvtropes.org/pmwiki/pmwiki.php/WesternAnimation/TeenageMutantNinjaTurtles2003
Turtles Forever,https://tvtropes.org/pmwiki/pmwiki.php/WesternAnimation/TurtlesForever
Teenage Mutant Ninja Turtles (2012),https://tvtropes.org/pmwiki/pmwiki.php/WesternAnimation/TeenageMutantNinjaTurtles2012
Half-Shell Heroes: Blast to the Past,https://tvtropes.org/pmwiki/pmwiki.php/WesternAnimation/HalfShellHeroesBlastToThePast
Rise of the Teenage Mutant Ninja Turtles,https://tvtropes.org/pmwiki/pmwiki.php/WesternAnimation/RiseOfTheTeenageMutantNinjaTurtles
Toxic Crusaders,https://tvtropes.org/pmwiki/pmwiki.php/WesternAnimation/ToxicCrusaders
Wolverine and the X-Men (2009),https://tvtropes.org/pmwiki/pmwiki.php/WesternAnimation/WolverineAndTheXMen2009
X-Men: Evolution,https://tvtropes.org/pmwiki/pmwiki.php/WesternAnimation/XMenEvolution
X-Men: The Animated Series,https://tvtropes.org/pmwiki/pmwiki.php/WesternAnimation/XMenTheAnimatedSeries
Jekyll & Hyde (MazM),https://tvtropes.org/pmwiki/pmwiki.php/VisualNovel/JekyllAndHydeMazM
After the Bomb,https://tvtropes.org/pmwiki/pmwiki.php/TabletopGame/AfterTheBomb
Deviant: The Renegades,https://tvtropes.org/pmwiki/pmwiki.php/TabletopGame/DeviantTheRenegades
Heroes Unlimited,https://tvtropes.org/pmwiki/pmwiki.php/TabletopGame/HeroesUnlimited
Mutant City Blues,https://tvtropes.org/pmwiki/pmwiki.php/TabletopGame/MutantCityBlues
Mutant: Year Zero,https://tvtropes.org/pmwiki/pmwiki.php/TabletopGame/MutantYearZero
Paranoia,https://tvtropes.org/pmwiki/pmwiki.php/TabletopGame/Paranoia
Splicers,https://tvtropes.org/pmwiki/pmwiki.php/TabletopGame/Splicers
The Ouroboros,https://tvtropes.org/pmwiki/pmwiki.php/FanFic/TheOuroboros
Alphas,https://tvtropes.org/pmwiki/pmwiki.php/Series/Alphas
The Flash (2014),https://tvtropes.org/pmwiki/pmwiki.php/Series/TheFlash2014
Black Lightning (2018),https://tvtropes.org/pmwiki/pmwiki.php/Series/BlackLightning2018
Birds of Prey (2002),https://tvtropes.org/pmwiki/pmwiki.php/Series/BirdsOfPrey2002
The Flash (1990),https://tvtropes.org/pmwiki/pmwiki.php/Series/TheFlash1990
The Gifted (2017),https://tvtropes.org/pmwiki/pmwiki.php/Series/TheGifted2017
The Immortal (1969),https://tvtropes.org/pmwiki/pmwiki.php/Series/TheImmortal1969
Impulse (2018),https://tvtropes.org/pmwiki/pmwiki.php/Series/Impulse2018
Inazuman,https://tvtropes.org/pmwiki/pmwiki.php/Series/Inazuman
The Incredible Hulk (1977),https://tvtropes.org/pmwiki/pmwiki.php/Series/TheIncredibleHulk1977
The Invisible Man (1984),https://tvtropes.org/pmwiki/pmwiki.php/Series/TheInvisibleMan1984
Jekyll,https://tvtropes.org/pmwiki/pmwiki.php/Series/Jekyll
Jekyll and Hyde (2015),https://tvtropes.org/pmwiki/pmwiki.php/Series/JekyllAndHyde2015
Julia Jekyll and Harriet Hyde,https://tvtropes.org/pmwiki/pmwiki.php/Series/JuliaJekyllAndHarrietHyde
The Last of Us (2023),https://tvtropes.org/pmwiki/pmwiki.php/Series/TheLastOfUs2023
Legion (2017),https://tvtropes.org/pmwiki/pmwiki.php/Series/Legion2017
Agents of S.H.I.E.L.D.,https://tvtropes.org/pmwiki/pmwiki.php/Series/AgentsOfSHIELD
Daredevil (2015),https://tvtropes.org/pmwiki/pmwiki.php/Series/Daredevil2015
Jessica Jones (2015),https://tvtropes.org/pmwiki/pmwiki.php/Series/JessicaJones2015
Luke Cage (2016),https://tvtropes.org/pmwiki/pmwiki.php/Series/LukeCage2016
Inhumans,https://tvtropes.org/pmwiki/pmwiki.php/Series/Inhumans
Ms. Marvel (2022),https://tvtropes.org/pmwiki/pmwiki.php/Series/MsMarvel2022
Minority Report (2015),https://tvtropes.org/pmwiki/pmwiki.php/Series/MinorityReport2015
Mutant X,https://tvtropes.org/pmwiki/pmwiki.php/Series/MutantX
The Nevers,https://tvtropes.org/pmwiki/pmwiki.php/Series/TheNevers
The Power (2023),https://tvtropes.org/pmwiki/pmwiki.php/Series/ThePower2023
Power Rangers Time Force,https://tvtropes.org/pmwiki/pmwiki.php/Series/PowerRangersTimeForce
Prey,https://tvtropes.org/pmwiki/pmwiki.php/Series/Prey
Sanctuary,https://tvtropes.org/pmwiki/pmwiki.php/Series/Sanctuary
The Secret World of Alex Mack,https://tvtropes.org/pmwiki/pmwiki.php/Series/TheSecretWorldOfAlexMack
Stranger Things,https://tvtropes.org/pmwiki/pmwiki.php/Series/StrangerThings
The Tomorrow People (1973),https://tvtropes.org/pmwiki/pmwiki.php/Series/TheTomorrowPeople1973
The Tomorrow People (2013),https://tvtropes.org/pmwiki/pmwiki.php/Series/TheTomorrowPeople2013
Toumei Shoujo Ea,https://tvtropes.org/pmwiki/pmwiki.php/Series/ToumeiShoujoEa
The Witcher (2019),https://tvtropes.org/pmwiki/pmwiki.php/Series/TheWitcher2019
Abuse,https://tvtropes.org/pmwiki/pmwiki.php/VideoGame/Abuse
Arknights,https://tvtropes.org/pmwiki/pmwiki.php/VideoGame/Arknights
Azure Striker Gunvolt Series,https://tvtropes.org/pmwiki/pmwiki.php/VideoGame/AzureStrikerGunvoltSeries
Azure Striker Gunvolt,https://tvtropes.org/pmwiki/pmwiki.php/VideoGame/AzureStrikerGunvolt
Azure Striker Gunvolt 2,https://tvtropes.org/pmwiki/pmwiki.php/VideoGame/AzureStrikerGunvolt2
Azure Striker Gunvolt 3,https://tvtropes.org/pmwiki/pmwiki.php/VideoGame/AzureStrikerGunvolt3
Luminous Avenger iX,https://tvtropes.org/pmwiki/pmwiki.php/VideoGame/LuminousAvengerIX
Back 4 Blood,https://tvtropes.org/pmwiki/pmwiki.php/VideoGame/Back4Blood
Biomutant,https://tvtropes.org/pmwiki/pmwiki.php/VideoGame/Biomutant
BioShock,https://tvtropes.org/pmwiki/pmwiki.php/VideoGame/BioShock
BioShock,https://tvtropes.org/pmwiki/pmwiki.php/VideoGame/BioShock1
BioShock 2,https://tvtropes.org/pmwiki/pmwiki.php/VideoGame/BioShock2
Bloody Zombies,https://tvtropes.org/pmwiki/pmwiki.php/VideoGame/BloodyZombies
Caves of Qud,https://tvtropes.org/pmwiki/pmwiki.php/VideoGame/CavesOfQud
Chaos Heat,https://tvtropes.org/pmwiki/pmwiki.php/VideoGame/ChaosHeat
Crash Bandicoot,https://tvtropes.org/pmwiki/pmwiki.php/VideoGame/CrashBandicoot
Crude Buster,https://tvtropes.org/pmwiki/pmwiki.php/VideoGame/CrudeBuster
darkSector,https://tvtropes.org/pmwiki/pmwiki.php/VideoGame/DarkSector
Darkwood,https://tvtropes.org/pmwiki/pmwiki.php/VideoGame/Darkwood
Dead Island,https://tvtropes.org/pmwiki/pmwiki.php/VideoGame/DeadIsland
Dead Island: Riptide,https://tvtropes.org/pmwiki/pmwiki.php/VideoGame/DeadIslandRiptide
Escape Dead Island,https://tvtropes.org/pmwiki/pmwiki.php/VideoGame/EscapeDeadIsland
Dead Island 2,https://tvtropes.org/pmwiki/pmwiki.php/VideoGame/DeadIsland2
Dead Nation,https://tvtropes.org/pmwiki/pmwiki.php/VideoGame/DeadNation
Deathless Hyperion,https://tvtropes.org/pmwiki/pmwiki.php/VideoGame/DeathlessHyperion
Demolish Fist,https://tvtropes.org/pmwiki/pmwiki.php/VideoGame/DemolishFist
Dr. Jekyll and Mr. Hyde,https://tvtropes.org/pmwiki/pmwiki.php/VideoGame/DrJekyllAndMrHyde
DUSK-12,https://tvtropes.org/pmwiki/pmwiki.php/VideoGame/DUSK12
Dying Light,https://tvtropes.org/pmwiki/pmwiki.php/VideoGame/DyingLight
Dying Light 2 Stay Human,https://tvtropes.org/pmwiki/pmwiki.php/VideoGame/DyingLight2StayHuman
Elona,https://tvtropes.org/pmwiki/pmwiki.php/VideoGame/Elona
Fallout,https://tvtropes.org/pmwiki/pmwiki.php/VideoGame/Fallout
Fallout,https://tvtropes.org/pmwiki/pmwiki.php/VideoGame/Fallout1
Fallout 2,https://tvtropes.org/pmwiki/pmwiki.php/VideoGame/Fallout2
Fallout 3,https://tvtropes.org/pmwiki/pmwiki.php/VideoGame/Fallout3
Fallout: New Vegas,https://tvtropes.org/pmwiki/pmwiki.php/VideoGame/FalloutNewVegas
Fallout 4,https://tvtropes.org/pmwiki/pmwiki.php/VideoGame/Fallout4
Fallout 76,https://tvtropes.org/pmwiki/pmwiki.php/VideoGame/Fallout76
Far Cry,https://tvtropes.org/pmwiki/pmwiki.php/VideoGame/FarCry1
The Forest,https://tvtropes.org/pmwiki/pmwiki.php/VideoGame/TheForest
The Incredible Hulk: Ultimate Destruction,https://tvtropes.org/pmwiki/pmwiki.php/VideoGame/TheIncredibleHulkUltimateDestruction
inFAMOUS,https://tvtropes.org/pmwiki/pmwiki.php/VideoGame/InFamous
inFAMOUS 2,https://tvtropes.org/pmwiki/pmwiki.php/VideoGame/InFamous2
In Famous Second Son,https://tvtropes.org/pmwiki/pmwiki.php/VideoGame/InFamousSecondSon
inFAMOUS: First Light,https://tvtropes.org/pmwiki/pmwiki.php/VideoGame/InfamousFirstLight
Iron Meat,https://tvtropes.org/pmwiki/pmwiki.php/VideoGame/IronMeat
I Was An Atomic Mutant,https://tvtropes.org/pmwiki/pmwiki.php/VideoGame/IWasAnAtomicMutant
The Last of Us,https://tvtropes.org/pmwiki/pmwiki.php/VideoGame/TheLastOfUs
The Last of Us Part II,https://tvtropes.org/pmwiki/pmwiki.php/VideoGame/TheLastOfUsPartII
Left 4 Dead,https://tvtropes.org/pmwiki/pmwiki.php/VideoGame/Left4Dead
Left 4 Dead 2,https://tvtropes.org/pmwiki/pmwiki.php/VideoGame/Left4Dead2
Loopmancer,https://tvtropes.org/pmwiki/pmwiki.php/VideoGame/Loopmancer
Marvel's Avengers,https://tvtropes.org/pmwiki/pmwiki.php/VideoGame/MarvelsAvengers
Mazin Saga: Mutant Fighter,https://tvtropes.org/pmwiki/pmwiki.php/VideoGame/MazinSagaMutantFighter
Metro 2033,https://tvtropes.org/pmwiki/pmwiki.php/VideoGame/Metro2033
Miscreated,https://tvtropes.org/pmwiki/pmwiki.php/VideoGame/Miscreated
Mutation Nation,https://tvtropes.org/pmwiki/pmwiki.php/VideoGame/MutationNation
Mutant Football League,https://tvtropes.org/pmwiki/pmwiki.php/VideoGame/MutantFootballLeague
Mutant Rampage Bodyslam,https://tvtropes.org/pmwiki/pmwiki.php/VideoGame/MutantRampageBodyslam
Mutant Year Zero: Road to Eden,https://tvtropes.org/pmwiki/pmwiki.php/VideoGame/MutantYearZeroRoadToEden
My Hero One's Justice,https://tvtropes.org/pmwiki/pmwiki.php/VideoGame/MyHeroOnesJustice
Nuclear Throne,https://tvtropes.org/pmwiki/pmwiki.php/VideoGame/NuclearThrone
The Ooze,https://tvtropes.org/pmwiki/pmwiki.php/VideoGame/TheOoze
Parasite Eve,https://tvtropes.org/pmwiki/pmwiki.php/VideoGame/ParasiteEve
Parasite Eve 2,https://tvtropes.org/pmwiki/pmwiki.php/VideoGame/ParasiteEve2
The 3rd Birthday,https://tvtropes.org/pmwiki/pmwiki.php/VideoGame/The3rdBirthday
[PROTOTYPE],https://tvtropes.org/pmwiki/pmwiki.php/VideoGame/Prototype
[PROTOTYPE 2],https://tvtropes.org/pmwiki/pmwiki.php/VideoGame/Prototype2
Psi-Ops: The Mindgate Conspiracy,https://tvtropes.org/pmwiki/pmwiki.php/VideoGame/PsiOpsTheMindgateConspiracy
Psychic Force,https://tvtropes.org/pmwiki/pmwiki.php/VideoGame/PsychicForce
Psychonauts,https://tvtropes.org/pmwiki/pmwiki.php/VideoGame/Psychonauts
Psychonauts in the Rhombus of Ruin,https://tvtropes.org/pmwiki/pmwiki.php/VideoGame/PsychonautsInTheRhombusOfRuin
Psychonauts 2,https://tvtropes.org/pmwiki/pmwiki.php/VideoGame/Psychonauts2
Rampage,https://tvtropes.org/pmwiki/pmwiki.php/VideoGame/Rampage
RATUZ,https://tvtropes.org/pmwiki/pmwiki.php/VideoGame/RATUZ
Resident Evil 2,https://tvtropes.org/pmwiki/pmwiki.php/VideoGame/ResidentEvil2
Resident Evil 2 (Remake),https://tvtropes.org/pmwiki/pmwiki.php/VideoGame/ResidentEvil2Remake
Resident Evil 3: Nemesis,https://tvtropes.org/pmwiki/pmwiki.php/VideoGame/ResidentEvil3Nemesis
Resident Evil 3 (Remake),https://tvtropes.org/pmwiki/pmwiki.php/VideoGame/ResidentEvil3Remake
Resident Evil: Revelations,https://tvtropes.org/pmwiki/pmwiki.php/VideoGame/ResidentEvilRevelations
Resident Evil: Revelations 2,https://tvtropes.org/pmwiki/pmwiki.php/VideoGame/ResidentEvilRevelations2
Resident Evil 6,https://tvtropes.org/pmwiki/pmwiki.php/VideoGame/ResidentEvil6
Resident Evil 7: Biohazard,https://tvtropes.org/pmwiki/pmwiki.php/VideoGame/ResidentEvil7Biohazard
Resident Evil Village,https://tvtropes.org/pmwiki/pmwiki.php/VideoGame/ResidentEvilVillage
SAR: Search and Rescue,https://tvtropes.org/pmwiki/pmwiki.php/VideoGame/SARSearchAndRescue
Second Extinction,https://tvtropes.org/pmwiki/pmwiki.php/VideoGame/SecondExtinction
Second Sight,https://tvtropes.org/pmwiki/pmwiki.php/VideoGame/SecondSight
Silhouette Mirage,https://tvtropes.org/pmwiki/pmwiki.php/VideoGame/SilhouetteMirage
Skyhill,https://tvtropes.org/pmwiki/pmwiki.php/VideoGame/Skyhill
Spider-Man (PS4),https://tvtropes.org/pmwiki/pmwiki.php/VideoGame/SpiderManPS4
Spider-Man: Miles Morales,https://tvtropes.org/pmwiki/pmwiki.php/VideoGame/SpiderManMilesMorales
Marvel's Spider-Man 2,https://tvtropes.org/pmwiki/pmwiki.php/VideoGame/MarvelsSpiderMan2
S.T.A.L.K.E.R.,https://tvtropes.org/pmwiki/pmwiki.php/VideoGame/STALKER
State of Decay,https://tvtropes.org/pmwiki/pmwiki.php/VideoGame/StateOfDecay
SturmFront: The Mutant War,https://tvtropes.org/pmwiki/pmwiki.php/VideoGame/SturmFrontTheMutantWar
Sunset Overdrive,https://tvtropes.org/pmwiki/pmwiki.php/VideoGame/SunsetOverdrive
Super Cyborg,https://tvtropes.org/pmwiki/pmwiki.php/VideoGame/SuperCyborg
Teenage Mutant Ninja Turtles: The Arcade Game,https://tvtropes.org/pmwiki/pmwiki.php/VideoGame/TeenageMutantNinjaTurtlesTheArcadeGame
Teenage Mutant Ninja Turtles: Turtles in Time,https://tvtropes.org/pmwiki/pmwiki.php/VideoGame/TeenageMutantNinjaTurtlesTurtlesInTime
Thunder Hoop,https://tvtropes.org/pmwiki/pmwiki.php/VideoGame/ThunderHoop
ThunderJaws,https://tvtropes.org/pmwiki/pmwiki.php/VideoGame/ThunderJaws
X-Kaliber 2097,https://tvtropes.org/pmwiki/pmwiki.php/VideoGame/XKaliber2097
X-Men Legends,https://tvtropes.org/pmwiki/pmwiki.php/VideoGame/XMenLegends
X-Men Legends II,https://tvtropes.org/pmwiki/pmwiki.php/VideoGame/XMenLegendsII
X-Men: Mutant Academy,https://tvtropes.org/pmwiki/pmwiki.php/VideoGame/XMenMutantAcademy
X Men Mutant Academy 2,https://tvtropes.org/pmwiki/pmwiki.php/VideoGame/XMenMutantAcademy2
X-Men: Next Dimension,https://tvtropes.org/pmwiki/pmwiki.php/VideoGame/XMenNextDimension
We Happy Restaurant,https://tvtropes.org/pmwiki/pmwiki.php/VideoGame/WeHappyRestaurant
LEGO Dino Attack,https://tvtropes.org/pmwiki/pmwiki.php/Toys/LEGODinoAttack
